User ID,Username,Email,Password
1,pollinate,jamesdavis@outlook.com,452287
2,paralysis,maryramirez@rogers.ca,684754
3,garfield,robertperez@yahoo.com,inviscid
4,antilogarithm,patriciaharris@inbox.com,450811
5,linalinacre,johnharris@inbox.com,633811
6,religiosity,jenniferdavis@outlook.com,translated
7,decomposer,michealmartin@mail.com,467948
8,abruption,lindajones@outlook.com,335990
9,healion,willmiller@yahoo.com,037309
10,oriflamme,elizabethcarter@mail.com,919283
11,marshall,davidmartinez@inbox.com,974373644245557
12,eachern,richardlopez@outlook.com,775086
13,dryer,susanjones@gmail.com,931084
14,averill,joshtorres@mail.com,289658
15,pinkard,jessicagreen@rogers.ca,y85endd3d23aitfs
16,heterography,tombaker@gmail.com,816745
17,hama,sarahgonzalez@mail.com,fischbein
18,shotton,charlesbrown@rogers.ca,563799
19,countryside,christorres@yahoo.com,679311
20,peccavi,danielclark@yahoo.com,757609
21,baily,lisamartinez@yahoo.com,Boga
22,fredfreda,mattthompson@rogers.ca,31837931292053
23,mccarley,tonymoore@gmail.com,249278355
24,daedalus,markwhite@yahoo.com,722509
25,rankins,sandrajones@mail.com,832849
26,njord,ashleymoore@yahoo.com,847180
27,bravery,stevenhall@rogers.ca,842978
28,durwyn,kimsanchez@yahoo.com,163323
29,biegel,paulhall@rogers.ca,333950
30,teenyweeny,emilyadams@yahoo.com,822022
31,aphrodisia,andrewhernandez@outlook.com,201836
32,wren,michellegonzalez@gmail.com,905455
33,gripe,kenlewis@yahoo.com,841541
34,thurston,kevinjackson@inbox.com,940808
35,unseemly,brianking@inbox.com,979543
36,connoisseur,amandahill@yahoo.com,vmyzrkunk
37,gilboa,georgerivera@rogers.ca,048274
38,pectase,melissabaker@mail.com,468430
39,crypto,edwardlopez@outlook.com,934194
40,piccoloist,stephanieperez@outlook.com,647124
41,concordant,timnelson@yahoo.com,00383631860
42,chalybite,rebeccaperez@outlook.com,638783093222
43,batista,jasonwright@mail.com,802468
44,twelvemonth,sharonbaker@yahoo.com,989406
45,duston,jeffwalker@yahoo.com,test8
46,leatrice,laurabrown@outlook.com,238809
47,saltwort,ryanwalker@mail.com,446874
48,strove,garyallen@yahoo.com,eggamns
49,desirae,amymitchell@yahoo.com,rihpnm4mkzxy11dp
50,toxic,nicksanchez@gmail.com,718160
51,refusal,jamesnelson@outlook.com,lain
52,emmenagogue,marynelson@mail.com,808340
53,mares,robertharris@yahoo.com,830695
54,solute,patriciacampbell@gmail.com,613237
55,vail,johnanderson@outlook.com,487445
56,darrickdarrill,jennifernguyen@mail.com,600169
57,assumed,michealflores@mail.com,386118
58,aliphatic,lindathompson@outlook.com,556299
59,bolshevism,willcampbell@yahoo.com,088044
60,woundwort,elizabethsanchez@gmail.com,789049
61,farina,davidclark@gmail.com,919129
62,propertied,richardhernandez@yahoo.com,427088
63,coattail,susanwalker@inbox.com,780786
64,paleoecology,joshlewis@outlook.com,007576
65,divinity,jessicajohnson@gmail.com,040265
66,schmitz,tomrodriguez@mail.com,766920
67,sparing,sarahanderson@yahoo.com,jkqv5eatrbq
68,placatory,charlesyoung@yahoo.com,279355
69,rachal,chrismoore@inbox.com,518894
70,exterminatory,danielramirez@outlook.com,182363
71,hoedown,lisadavis@yahoo.com,0yy7qbjt
72,giacomo,mattthomas@outlook.com,025182
73,whitton,tonylopez@mail.com,174730
74,mittel,markwright@outlook.com,783180
75,hacker,sandrahill@yahoo.com,225604
76,deedradeeds,ashleyhall@mail.com,523795
77,hermitage,stevenyoung@yahoo.com,547616
78,presuppose,kimnelson@outlook.com,797676
79,malloy,paulhill@inbox.com,bcu0yix4po7
80,fabian,emilythomas@inbox.com,705584
81,ratepayer,andrewjones@outlook.com,0sbzbh6r0ffdh
82,baronetcy,michellelee@outlook.com,266517
83,mazzard,kennelson@mail.com,915955
84,palatalized,kevinthomas@gmail.com,081752
85,hymenopterous,briansanchez@gmail.com,367718
86,boehmenism,amandaadams@outlook.com,894761
87,phono,georgehernandez@outlook.com,834080
88,georginageorgine,melissacampbell@yahoo.com,voxpop
89,promotive,edwardhernandez@yahoo.com,ritardandos
90,gilt,stephaniegarcia@mail.com,oha5s1p5cve
91,asoka,timwilliams@outlook.com,549128
92,dahl,rebeccajones@mail.com,135827
93,aggravation,jasonsmith@gmail.com,3740213038
94,thymelaeaceous,sharoncarter@mail.com,580580
95,micron,jeffthompson@inbox.com,037136
96,finch,laurathompson@outlook.com,978245
97,employer,ryandavis@inbox.com,564747
98,step,garymoore@inbox.com,966778
99,hegarty,amyrobinson@yahoo.com,468045
100,greig,nickwhite@outlook.com,chore
101,kuhlmann,jamescampbell@gmail.com,374914
102,chokecherry,marycampbell@gmail.com,364291
103,hype,robertyoung@yahoo.com,786930
104,rebato,patriciabrown@outlook.com,891389
105,girosol,johnlee@gmail.com,718276
106,persecution,jenniferrodriguez@outlook.com,487655
107,spittoon,michealjones@gmail.com,498311
108,watersick,lindacarter@outlook.com,stylizer
109,bicarb,willwilliams@gmail.com,6137319497024285
110,she,elizabeththomas@mail.com,511584
111,irinairis,susantorres@gmail.com,469371
112,camisole,joshsanchez@rogers.ca,scholast
113,moss,jessicasanchez@mail.com,vfnj13
114,subtemperate,tomjackson@outlook.com,cooperat
115,manchu,sarahcarter@inbox.com,424827
116,sheeree,charleswright@inbox.com,504377
117,tottering,chrisramirez@yahoo.com,rahnma9
118,carbonous,danieltorres@gmail.com,034768
119,hearne,lisaroberts@mail.com,172601
120,proleg,mattperez@outlook.com,790005
121,mara,tonylewis@gmail.com,228469
122,prolonge,markgarcia@outlook.com,588534
123,seve,ashleysanchez@mail.com,hxn
124,apostatize,stevenlewis@rogers.ca,199726
125,kuroshio,kimwhite@gmail.com,584926
126,vaso,paulrodriguez@rogers.ca,274369
127,threadbare,emilymartinez@inbox.com,4upsocu
128,terry,andrewjackson@mail.com,152151
129,wolfe,michellewilliams@outlook.com,521692
130,sami,kentaylor@inbox.com,185748
131,sand,kevinroberts@inbox.com,437491
132,decreasing,briantaylor@rogers.ca,616895
133,doorsill,amandataylor@mail.com,712197
134,passer,georgegreen@outlook.com,bookstores
135,tyndareus,melissamitchell@outlook.com,498414
136,outgeneral,edwardmiller@outlook.com,195349
137,rookery,stephaniejohnson@rogers.ca,548786
138,hamite,timadams@rogers.ca,673721
139,mesial,rebeccaallen@outlook.com,404422
140,outcrop,jasonjackson@rogers.ca,795799
141,playa,sharonmiller@outlook.com,stimulus
142,elbert,jeffrobinson@mail.com,449451
143,oklahoma,lauraroberts@outlook.com,289342
144,kattegat,ryanrodriguez@outlook.com,477127
145,foucault,garybrown@yahoo.com,598492
146,suttee,amygonzalez@yahoo.com,861136
147,dorris,nickwright@gmail.com,2327445633581
148,gomes,jamestaylor@yahoo.com,voskhod
149,motmot,maryking@inbox.com,866648
150,cynar,robertramirez@yahoo.com,735328
151,pyro,patriciaflores@yahoo.com,768484
152,matt,johnsanchez@gmail.com,pastiness
153,bacolod,jenniferlewis@gmail.com,772958
154,merce,michealadams@rogers.ca,443724
155,belenbelesprit,lindajohnson@yahoo.com,512402
156,titlark,willcarter@yahoo.com,470018
157,lobo,davidjackson@yahoo.com,756569
158,cake,richardroberts@inbox.com,142930
159,albertson,susanmartinez@outlook.com,153764
160,petard,tomnelson@yahoo.com,999042
161,dilapidation,sarahtorres@rogers.ca,421819
162,mouth,charlesdavis@mail.com,652121
163,exobiology,christhomas@gmail.com,331794
164,edmund,lisarobinson@mail.com,xwh
165,scissors,mattclark@mail.com,762810
166,nothingness,tonyjohnson@mail.com,humma
167,goforth,markrivera@rogers.ca,585222
168,wigging,sandrahernandez@mail.com,504275
169,banka,ashleyscott@mail.com,876317
170,lecky,stevenwilson@yahoo.com,beastly
171,jujutsu,kimgreen@rogers.ca,048672
172,rosamondrosamund,emilyramirez@rogers.ca,253492
173,futurity,andrewgarcia@rogers.ca,760224
174,assimilation,michelleflores@gmail.com,frat
175,linders,kenwilliams@yahoo.com,467442
176,peripatetic,kevinlee@mail.com,384908
177,microsporophyll,briannelson@gmail.com,680796
178,photosensitive,amandaharris@mail.com,095717
179,rourke,georgeramirez@mail.com,787718
180,ascetic,melissaadams@yahoo.com,bx48r8g6b7v
181,papert,edwardmoore@yahoo.com,062554
182,buchanan,stephaniecampbell@outlook.com,905367
183,nympha,timbaker@inbox.com,947676
184,detrital,rebeccadavis@mail.com,xqrfzwnbqe39zzn
185,slim,jasonmiller@inbox.com,372912
186,dato,sharonlewis@inbox.com,521608
187,grainger,jefflopez@inbox.com,kr7y3hrfz4
188,alleman,lauraanderson@mail.com,822081
189,serra,ryanthomas@mail.com,074315
190,toby,garyflores@outlook.com,326697
191,apodal,amylewis@yahoo.com,107044
192,lagas,nickbrown@gmail.com,457788
193,entertainment,jamesbaker@yahoo.com,572338
194,sondrasone,marylewis@rogers.ca,678346
195,estrade,robertlewis@yahoo.com,684553
196,spinode,patriciaadams@gmail.com,981866
197,sugar,johnnguyen@gmail.com,287823
198,dihybrid,jenniferwilson@inbox.com,312157
199,lew,michealmartinez@inbox.com,603229
200,ileac,lindabrown@rogers.ca,746312
201,housebroken,willroberts@gmail.com,503236
202,shockheaded,elizabethgarcia@gmail.com,730726
203,englebert,davidgreen@gmail.com,071256
204,quartziferous,richardnguyen@mail.com,999868
205,mulkey,susanlewis@gmail.com,540505
206,inexpugnable,joshtaylor@yahoo.com,901863
207,bedew,jessicathompson@rogers.ca,843942
208,lysimeter,tommoore@yahoo.com,503324
209,raynold,sarahwalker@inbox.com,182306
210,alethiaaletta,charlessanchez@yahoo.com,346807
211,nace,chriswright@mail.com,598104
212,practice,danielanderson@outlook.com,751644
213,perri,lisaadams@inbox.com,Vedantham
214,poppycock,mattlopez@yahoo.com,restate
215,gaucho,tonybaker@gmail.com,403695
216,mccrary,markthomas@gmail.com,741024
217,elielia,sandrascott@outlook.com,681818
218,wideranging,stevenhill@yahoo.com,7z1crx
219,candace,kimmitchell@inbox.com,1949492598
220,aretta,paulnelson@outlook.com,spaniel
221,candicandia,emilywalker@gmail.com,789794
222,macedo,andrewnguyen@inbox.com,998985
223,fishy,michellewhite@mail.com,931191
224,foregoing,kentorres@rogers.ca,829511
225,referee,kevinhall@yahoo.com,054658
226,halfmoon,briangonzalez@yahoo.com,336736
227,ember,amandahall@rogers.ca,903857
228,kendall,georgejones@rogers.ca,848505
229,soffit,melissarivera@yahoo.com,002099
230,tyler,edwardrodriguez@rogers.ca,Louie
231,trichloride,stephanieharris@rogers.ca,838109
232,marylnmarylou,timhernandez@rogers.ca,279785
233,tinsmith,rebeccarodriguez@gmail.com,drinks
234,sierra,jasonflores@yahoo.com,960726
235,algophobia,jeffwhite@mail.com,147016
236,bevins,laurarivera@inbox.com,527689
237,taeniasis,ryanjackson@gmail.com,314882
238,dyslexia,garyrivera@yahoo.com,620766
239,brucebrucellosis,nickbaker@inbox.com,384215
240,rescind,jamesjackson@mail.com,zqqa1vk4wklsih
241,frustrated,marywalker@gmail.com,750846
242,chagrin,patriciadavis@outlook.com,660908
243,obsequent,johngarcia@inbox.com,720098
244,uela,jennifergreen@outlook.com,pg70htz
245,shrift,michealmiller@mail.com,017950
246,workingman,lindaanderson@inbox.com,699512
247,hisakohisbe,willnguyen@yahoo.com,829181
248,turboprop,elizabethdavis@gmail.com,028982
249,vondavonni,davidrobinson@yahoo.com,840746
250,contiguous,richardjohnson@mail.com,rsch
251,shaefer,joshhernandez@gmail.com,521756
252,stock,jessicarodriguez@mail.com,ixhm5eokfvc
253,peacoat,sarahmartinez@outlook.com,650293
254,henpeck,charlesflores@outlook.com,276487
255,threaten,chriscampbell@outlook.com,504122
256,egerton,danielwilson@mail.com,691962
257,nedi,lisaflores@mail.com,636703
258,scrutiny,mattadams@rogers.ca,095462
259,gaberdine,tonyroberts@gmail.com,4n6fz8pb
260,ban,markbrown@yahoo.com,240834
261,goop,ashleythomas@yahoo.com,3b29xj5
262,chromosphere,stevenmartin@outlook.com,078650
263,lastly,kimsmith@outlook.com,545329
264,spondylitis,paulking@outlook.com,407785
265,gamely,emilythompson@rogers.ca,133279
266,cuman,andrewsmith@rogers.ca,lithologically
267,bluster,michellewilson@yahoo.com,feeing
268,quetzalcoatl,kenking@gmail.com,fluorometric
269,cantillate,kevinwilson@mail.com,065466
270,disgrace,brianrivera@gmail.com,934311
271,illyrian,amandabaker@rogers.ca,823819
272,waters,georgeanderson@gmail.com,482534
273,samovar,melissamartinez@inbox.com,309856
274,loar,edwardwalker@inbox.com,567641
275,pragmatic,stephaniesanchez@rogers.ca,478215
276,brandenburg,timperez@gmail.com,airways
277,preferment,rebeccagonzalez@rogers.ca,105305
278,galahad,jasonnelson@yahoo.com,979071
279,potheen,sharonperez@mail.com,veneto
280,hosanna,jeffsanchez@outlook.com,1430086
281,bentlee,lauragonzalez@inbox.com,309516
282,preter,ryanmitchell@gmail.com,693946
283,blanco,garylewis@outlook.com,527711
284,internecine,nickanderson@rogers.ca,067075
285,guglielma,jamesgarcia@rogers.ca,065430
286,tillery,marycarter@rogers.ca,814877
287,flotation,robertmiller@outlook.com,526396
288,cartier,patriciahill@outlook.com,985508
289,gosport,johnroberts@rogers.ca,624038
290,muskrat,jennifertaylor@gmail.com,651845
291,doiron,michealrobinson@outlook.com,354132
292,doughy,lindalewis@outlook.com,3836169862156636
293,deettadeeyn,willrodriguez@gmail.com,362638
294,stonyhearted,elizabethanderson@rogers.ca,029148
295,zina,davidwilson@outlook.com,k's
296,gaytan,richardlewis@mail.com,992495
297,anatol,susanrodriguez@mail.com,284645
298,relationship,joshgonzalez@outlook.com,156056
299,submediant,jessicarivera@yahoo.com,849141
300,inerrable,tomflores@mail.com,929135
301,ceresin,sarahthomas@yahoo.com,943224840601
302,raleigh,charlescampbell@mail.com,875132
303,adhern,chrisflores@inbox.com,338104
304,plunder,danielyoung@outlook.com,underwing
305,hailey,lisamitchell@yahoo.com,Tammy4
306,crumb,mattrodriguez@gmail.com,289683
307,biscuit,tonytorres@gmail.com,flippy
308,scoggins,markperez@outlook.com,434783
309,behl,sandrawilliams@inbox.com,u8fgiwyn4irjyfm
310,chandigarh,ashleyperez@yahoo.com,625556
311,chatoyant,steventorres@inbox.com,solecistic
312,hilliary,kimking@inbox.com,858589
313,myotome,paulnguyen@outlook.com,583451
314,daniel,emilyperez@inbox.com,086897
315,mythical,andrewthompson@gmail.com,815179
316,cajeput,michelleking@rogers.ca,assiduously
317,mag,kenmitchell@gmail.com,586337346974603
318,vimineous,kevinhill@gmail.com,197657
319,horsley,brianscott@gmail.com,855161
320,matter,amandamoore@mail.com,832299
321,polley,georgeroberts@yahoo.com,663453
322,storekeeper,stephaniemiller@yahoo.com,797893
323,khedive,timwhite@mail.com,139559
324,gadoid,rebeccahernandez@gmail.com,267896
325,acridine,jasonlee@inbox.com,rennets
326,scullery,sharonadams@outlook.com,981487
327,illumination,lauraking@outlook.com,296335
328,reflection,ryancarter@inbox.com,659411
329,cleaning,amymoore@yahoo.com,444363
330,sanctum,nickrobinson@gmail.com,487642
331,cosmism,jamesadams@gmail.com,262912
332,airhead,marygreen@outlook.com,393753
333,erda,robertcampbell@inbox.com,104556
334,heterothallic,patriciajones@inbox.com,643481
335,nic,jenniferlee@outlook.com,427844
336,selfsuggestion,michealtaylor@mail.com,743046
337,experiential,lindarodriguez@gmail.com,755342
338,draconic,willgreen@yahoo.com,519190
339,tutorial,elizabethsmith@gmail.com,353481
340,helpmeet,davidjohnson@mail.com,0562066
341,octavalent,richardjones@inbox.com,287937
342,lionellionello,susantaylor@yahoo.com,182811
343,declassify,sarahwright@outlook.com,783417
344,hoffmann,danielallen@outlook.com,638328
345,tonatonal,lisaharris@yahoo.com,359679
346,gainful,tonymartin@yahoo.com,815120
347,ozoniferous,sandraanderson@inbox.com,297117
348,zinkenite,stevenmitchell@gmail.com,sigismun
349,price,kimwalker@outlook.com,221866
350,thermolysis,paulflores@inbox.com,828328
351,swamy,emilyrodriguez@yahoo.com,019769
352,giacometti,andrewthomas@outlook.com,215490
353,toh,michelleperez@outlook.com,378945
354,litigable,kenwilson@rogers.ca,640499
355,winser,kevinrodriguez@rogers.ca,150211
356,overplay,brianyoung@rogers.ca,703820
357,temekatemerity,amandaroberts@gmail.com,189928
358,militia,georgelopez@mail.com,351606
359,sandwich,melissathomas@mail.com,638376
360,violetvioleta,edwardjohnson@outlook.com,123175
361,wendolyn,stephanieanderson@yahoo.com,403988
362,evangelist,timdavis@rogers.ca,rfk
363,mckie,rebeccacampbell@inbox.com,606087
364,sutlej,jasonlopez@outlook.com,917784
365,ocieock,sharonbrown@outlook.com,456473
366,aculeate,jeffmartinez@inbox.com,513176
367,zaidazailer,laurajones@rogers.ca,340696
368,flump,ryanlopez@gmail.com,561038
369,emikoemil,garyclark@outlook.com,turnrigh
370,newsom,amyscott@gmail.com,868167
371,yarrow,jameslopez@gmail.com,446787
372,chutney,maryjackson@mail.com,3449726
373,retinol,roberttaylor@outlook.com,159397
374,arris,patriciayoung@rogers.ca,380129
375,famine,michealtorres@rogers.ca,calcification
376,ryan,willking@outlook.com,029254
377,illusage,elizabeththompson@gmail.com,699204
378,litman,davidlopez@gmail.com,233386
379,richma,richardcampbell@yahoo.com,networks
380,altheaalthee,joshmitchell@gmail.com,zrqo0n
381,greer,jessicacampbell@inbox.com,155253
382,sideboard,tommartin@yahoo.com,487340
383,stanley,sarahnelson@outlook.com,hydrofoil
384,reynoso,charlesrodriguez@gmail.com,509990
385,pluralize,chrisbaker@mail.com,574847
386,pliocene,danielgarcia@rogers.ca,692509
387,gustafson,lisawhite@rogers.ca,ragan
388,foretaste,mattwilliams@outlook.com,796823
389,cache,tonymitchell@outlook.com,374964
390,daydream,marktaylor@outlook.com,360573
391,utah,sandragreen@outlook.com,448802
392,caerleon,ashleyjones@outlook.com,633047
393,madonna,stevendavis@inbox.com,547380
394,rosenblum,kimtorres@inbox.com,784617
395,wee,paulhernandez@rogers.ca,068642
396,graphy,emilyscott@rogers.ca,470505
397,longterm,andrewwhite@yahoo.com,107760
398,sparry,michellenguyen@mail.com,397668
399,tanager,kenhall@outlook.com,bx7ooiireu75
400,pentagram,brianhill@mail.com,l6fvdeb
401,misdeal,amandamitchell@inbox.com,oldcastl
402,deltadeltaic,georgebrown@yahoo.com,771187
403,dele,melissalewis@gmail.com,625686
404,seditious,edwardlee@yahoo.com,841291
405,ophthalmia,stephaniemartin@gmail.com,ird
406,jonathanjonathon,rebeccaramirez@gmail.com,next
407,overindulge,jasonnguyen@outlook.com,engineers
408,howitzer,sharonsanchez@outlook.com,577296
409,anesthetic,jeffanderson@rogers.ca,858536
410,audi,lauracarter@yahoo.com,566842
411,ethelstan,ryanhall@mail.com,197819
412,getupandgo,amylee@rogers.ca,246069
413,lavalley,nickrodriguez@rogers.ca,5v6yis5sq
414,killing,marybrown@rogers.ca,171636
415,badger,robertgarcia@mail.com,494636
416,vivienviviene,johnscott@inbox.com,408039
417,hallee,jenniferharris@yahoo.com,543941
418,russ,michealrodriguez@yahoo.com,561226
419,td,lindagreen@rogers.ca,703485
420,unconscionable,willhernandez@yahoo.com,cqgkky
421,baese,elizabethroberts@mail.com,862474
422,thalamencephalon,davidbrown@mail.com,852295
423,charmaincharmaine,richardmiller@gmail.com,197036
424,gan,susanjackson@rogers.ca,807340
425,capercaillie,joshmiller@outlook.com,809657
426,commutate,jessicaroberts@inbox.com,415997
427,lording,tomclark@mail.com,168131860
428,touchstone,sarahgarcia@rogers.ca,moonistt
429,ihab,charlesgarcia@mail.com,540698
430,hallah,chrishernandez@yahoo.com,683037
431,pothead,danielnguyen@gmail.com,repositories
432,kyl,lisaking@yahoo.com,a3dv5n8lhnqoi8
433,lysine,mattharris@gmail.com,utape
434,strongroom,marktorres@gmail.com,daemons
435,restitution,sandrawright@mail.com,744062
436,alithea,ashleygonzalez@gmail.com,regulated
437,sternutation,steventhomas@yahoo.com,419739
438,stenotype,kimcarter@yahoo.com,711988
439,sordino,paulgreen@gmail.com,500939
440,jayjaycee,emilyclark@mail.com,404982
441,schulein,michellebrown@mail.com,687754
442,parliamentarian,kenbrown@gmail.com,819184
443,jurist,kevinmitchell@mail.com,161834
444,gastrula,briancampbell@mail.com,ino_unlock
445,dedans,edwardnelson@mail.com,jannay
446,bellarmine,stephaniegonzalez@rogers.ca,090732
447,atman,timanderson@rogers.ca,422598
448,hendrick,rebeccathomas@outlook.com,616086
449,wilhelminawilhelmine,jasonwalker@gmail.com,924259
450,amii,jefftorres@rogers.ca,5572282526833
451,calder,lauranguyen@gmail.com,957928
452,vapid,ryannelson@gmail.com,312077
453,fideicommissary,garyrodriguez@outlook.com,949350
454,modulation,amyperez@rogers.ca,88yro4oz
455,precess,maryyoung@inbox.com,645514
456,kirkham,patriciaroberts@yahoo.com,411163
457,gym,johnthompson@rogers.ca,829785
458,skep,michealyoung@outlook.com,209596
459,tangle,lindaflores@yahoo.com,827446
460,suzannsuzanna,willthomas@mail.com,064868
461,ayers,elizabethjohnson@mail.com,936892
462,hocuspocus,davidmartin@rogers.ca,015594
463,mallarme,susanrobinson@yahoo.com,Freud3
464,ludeman,joshnguyen@inbox.com,434250
465,trimetric,jessicagarcia@inbox.com,770331
466,babs,sarahwhite@rogers.ca,332065
467,fart,chrisgonzalez@yahoo.com,304381
468,albumen,danielflores@gmail.com,304670
469,clemmer,mattjohnson@mail.com,549551
470,fuss,tonyhernandez@mail.com,829402
471,suspension,markallen@mail.com,647781
472,retiary,sandrawhite@yahoo.com,267185
473,benue,ashleygarcia@inbox.com,761368
474,paxon,paulclark@outlook.com,382119
475,thin,andrewtorres@inbox.com,264125
476,reluctant,kenthomas@rogers.ca,399004
477,nickolenicks,kevincampbell@gmail.com,738140
478,polyclitus,briangreen@mail.com,304729
479,dentilingual,amandaanderson@yahoo.com,xwd
480,playmate,georgerodriguez@yahoo.com,246671092505
481,knot,melissaclark@yahoo.com,375074
482,starks,edwardthompson@yahoo.com,714457
483,alforja,stephanietaylor@outlook.com,003995
484,calefaction,timjones@gmail.com,bq61yzf
485,sterilization,rebeccamitchell@outlook.com,074927
486,health,jasonwilliams@gmail.com,696635
487,falsify,sharoncampbell@inbox.com,239512
488,inversion,jeffbrown@rogers.ca,105718
489,nichy,ryanrivera@gmail.com,5633784023361900
490,gillette,garyramirez@outlook.com,900985
491,maw,nickdavis@mail.com,759059
492,halverson,marylopez@inbox.com,sarcophagus
493,acarid,robertrodriguez@yahoo.com,543311
494,genovevagenre,patricianelson@rogers.ca,423844
495,convergent,johnrivera@mail.com,ltnedroe
496,swansdown,jenniferroberts@rogers.ca,727288
497,willock,michealgonzalez@gmail.com,389357
498,isaiasisak,lindalee@yahoo.com,103367
499,bollix,elizabethnelson@mail.com,173466
500,gerianne,davidlewis@rogers.ca,917190
501,brunei,richardhill@rogers.ca,777577
502,channel,susangarcia@yahoo.com,285805
503,kittrell,joshmartin@yahoo.com,187366
504,coast,jessicamartinez@inbox.com,houcine
505,gosse,sarahwilson@inbox.com,418807
506,telecast,charlesmiller@outlook.com,rle
507,noncontributory,chrisharris@yahoo.com,385435
508,flicker,danieljohnson@yahoo.com,104139
509,magnificat,tonyhall@inbox.com,186118
510,pollination,sandrabrown@outlook.com,743073
511,discommend,stevenflores@gmail.com,288653
512,adage,kimnguyen@yahoo.com,332583
513,chandelle,paultaylor@yahoo.com,242898
514,connecticut,andrewharris@mail.com,727663
515,trickster,michelleharris@inbox.com,114157
516,circumstantiate,kenrivera@yahoo.com,213530
517,corsair,brianbaker@gmail.com,351651
518,classics,amandasanchez@rogers.ca,706650
519,butterfingers,georgegonzalez@rogers.ca,8826943495
520,konopka,melissataylor@mail.com,514899
521,holst,edwardbrown@gmail.com,317020
522,rubino,stephanierivera@outlook.com,247463
523,prerequisite,timgarcia@gmail.com,089636
524,reedbuck,rebeccajackson@gmail.com,520539
525,kheda,jasonharris@gmail.com,fhnfvjyrf
526,federate,jeffrodriguez@rogers.ca,155307
527,canute,laurahill@outlook.com,121501
528,allium,ryanharris@mail.com,368400
529,crownpiece,garyjohnson@outlook.com,962219
530,salve,amywilson@rogers.ca,260686
531,baronetage,nickgarcia@gmail.com,022044
532,linkman,jamesrivera@outlook.com,legislated
533,welldone,robertlopez@outlook.com,571232
534,throes,patriciabaker@mail.com,demo1899
535,carliecarlile,johntaylor@gmail.com,088689
536,riccio,jennifersanchez@inbox.com,341207
537,unkindly,michealharris@inbox.com,222080
538,candiot,lindaclark@mail.com,211270
539,faison,willrobinson@outlook.com,217132
540,westberry,joshlee@inbox.com,486939
541,quadratics,jessicataylor@gmail.com,773944
542,strongwilled,tomgarcia@mail.com,673485
543,unbounded,sarahclark@yahoo.com,849348
544,ial,charlesmoore@mail.com,697654
545,habitue,chrislee@gmail.com,812879
546,cantor,danielrobinson@mail.com,098175
547,darees,lisaanderson@inbox.com,235811
548,determined,mattnelson@outlook.com,479120973
549,ce,tonymartinez@rogers.ca,456412
550,spindell,sandraflores@rogers.ca,kdozjxhwck4fea
551,grandfatherly,stevennelson@mail.com,263951
552,roye,kimhall@yahoo.com,873153
553,trengganu,paullewis@rogers.ca,335595
554,moramorabito,emilyjackson@inbox.com,545240
555,joselynjoseph,andrewcampbell@outlook.com,895228
556,nemathelminth,michellewright@gmail.com,872226
557,flem,kenyoung@gmail.com,392091
558,classic,kevinsanchez@rogers.ca,476347
559,illmannered,amandacampbell@inbox.com,568954
560,fungous,melissatorres@outlook.com,265601
561,dielu,edwardperez@gmail.com,590537
562,baucis,stephanielopez@mail.com,whmaisel
563,degauss,rebeccanguyen@gmail.com,punkahar
564,finable,sharonking@mail.com,419275382839469
565,endothecium,ryanhill@outlook.com,468806
566,nakamura,garyhill@rogers.ca,4193138
567,downing,nickallen@gmail.com,340231
568,bleed,marymitchell@inbox.com,113532
569,lesbos,robertsmith@rogers.ca,633311
570,hierophant,johnrobinson@outlook.com,478993
571,ki,lindamoore@yahoo.com,953633
572,possum,willsanchez@mail.com,captaining
573,booklet,elizabethwilson@rogers.ca,377930
574,trill,richardflores@rogers.ca,568043
575,zebedee,susanwilliams@rogers.ca,424092
576,gillies,joshwilliams@inbox.com,535510
577,porty,jessicanelson@gmail.com,lcg
578,piraeus,sarahsanchez@yahoo.com,32852314631195
579,angelineangelique,charlesking@outlook.com,714400
580,delative,chrisyoung@yahoo.com,intra
581,nicotine,danielthompson@gmail.com,134947
582,hutchinson,lisathomas@outlook.com,584660
583,steinman,mattrivera@mail.com,867585
584,mannerism,tonythomas@gmail.com,160328
585,container,markcampbell@gmail.com,466652
586,quito,sandratorres@yahoo.com,223195
587,vlada,ashleyflores@gmail.com,860591
588,colugo,kimmoore@outlook.com,877827
589,kass,emilyjohnson@yahoo.com,011136
590,shiva,andrewmoore@gmail.com,722701
591,parabola,michellesanchez@mail.com,sluices
592,slapstick,kenallen@gmail.com,485345
593,geraint,kevinrobinson@rogers.ca,727657
594,siloum,briangarcia@outlook.com,178463813924288
595,coffey,amandacarter@rogers.ca,940359
596,beeson,georgewilson@mail.com,989637
597,midvictorian,edwardgreen@yahoo.com,shiloh
598,kirtley,stephaniejackson@rogers.ca,406671
599,philipphilipa,timcarter@outlook.com,d3mzdcc
600,nude,jeffjones@rogers.ca,406066
601,dialectical,lauradavis@mail.com,113304
602,necessary,ryanadams@rogers.ca,917929
603,weitzel,garyjackson@yahoo.com,m96x52
604,meir,nickflores@rogers.ca,915589
605,fed,jamesnguyen@mail.com,156542
606,womble,robertthomas@mail.com,132671
607,robbie,patriciaramirez@yahoo.com,inkl22
608,kinnard,johnthomas@gmail.com,049479
609,systematism,jenniferramirez@inbox.com,339671
610,nw,willclark@outlook.com,914173
611,veratridine,richardadams@rogers.ca,034493
612,cutler,susanallen@inbox.com,390415
613,wolffish,joshjohnson@yahoo.com,802804
614,riddle,tomrivera@inbox.com,Rebecca6
615,forcier,sarahjackson@gmail.com,865706
616,andriette,charlesmartin@gmail.com,364030
617,liturgical,chrisbrown@mail.com,795998
618,dikdik,danielhall@inbox.com,5305486200283528
619,mealy,mattsanchez@mail.com,088355
620,oppidan,markyoung@rogers.ca,552901
621,grof,paulcarter@outlook.com,659527
622,bean,emilylopez@yahoo.com,894963
623,frost,andrewflores@gmail.com,495766
624,aegir,michellelewis@outlook.com,708531
625,occultation,kevinrivera@inbox.com,Cody
626,whoever,briananderson@mail.com,413490
627,allies,amandawhite@gmail.com,194643
628,xylia,georgeperez@mail.com,furzy
629,azotemia,melissanelson@yahoo.com,410073
630,discography,edwardthomas@outlook.com,507788
631,spool,stephaniehall@rogers.ca,181361
632,simonetta,timramirez@gmail.com,991588
633,heathen,jasonrodriguez@mail.com,111713
634,follower,jeffroberts@yahoo.com,310018
635,lilylivered,laurawhite@inbox.com,Holt
636,jethro,ryanflores@rogers.ca,overnighters
637,impish,garymiller@yahoo.com,670553
638,irradiate,amyhernandez@gmail.com,406013
639,turning,nicktaylor@mail.com,941506
640,nonrepresentational,jamesmitchell@inbox.com,p1dqafjdz3ape7gc
641,serpentiform,marywilliams@rogers.ca,gu8o8o3k3a0kwu7a
642,pickel,roberthernandez@mail.com,965313
643,reincarnate,patriciawilliams@yahoo.com,940403
644,wandawander,jennifermoore@outlook.com,420230
645,floccose,michealthompson@gmail.com,765398
646,carbajal,lindasmith@gmail.com,873868
647,zelig,willbaker@mail.com,toi
648,hunch,elizabethramirez@rogers.ca,640044
649,hirsch,davidcampbell@outlook.com,2871223808
650,pelting,richardjackson@gmail.com,919792
651,maggs,susanbrown@mail.com,348215
652,cowpoke,tomlewis@inbox.com,031177
653,fingered,sarahcampbell@inbox.com,wsmr16
654,heliotropism,charlescarter@gmail.com,625423
655,concertgoer,lisascott@mail.com,hypnopompic
656,taka,matthill@gmail.com,289903
657,cypro,tonysanchez@yahoo.com,xio
658,fashionable,ashleylewis@mail.com,161633
659,bureaucratic,stevenlopez@rogers.ca,898717
660,tater,emilybrown@outlook.com,204418
661,haema,andrewsanchez@mail.com,08869871
662,marchant,michellemiller@inbox.com,446771
663,decade,kenclark@mail.com,885207
664,ayres,brianwhite@outlook.com,viewpoint
665,syneresis,amandasmith@yahoo.com,229494
666,fugleman,melissajones@inbox.com,093604
667,makings,edwardhall@yahoo.com,044793
668,thebaid,stephaniethomas@inbox.com,counterproductive
669,rubenstein,timtaylor@yahoo.com,522167
670,getraer,rebeccamiller@rogers.ca,433991
671,caine,jasoncampbell@yahoo.com,476936
672,snipes,sharonanderson@gmail.com,128528
673,mambo,jefframirez@gmail.com,515021
674,genny,ryananderson@gmail.com,994957
675,vaclava,garycampbell@inbox.com,278449
676,endless,amysmith@yahoo.com,039114
677,deitz,nickyoung@outlook.com,294191
678,diatomaceous,jamesmartinez@gmail.com,093292
679,burrow,maryanderson@rogers.ca,928698
680,polack,robertjohnson@outlook.com,187536
681,colloquialism,johnwilson@gmail.com,647560
682,bobo,jennifergonzalez@rogers.ca,dispensate
683,jerk,michealgreen@rogers.ca,922570
684,coagulate,willyoung@yahoo.com,346259
685,athallia,elizabethharris@rogers.ca,unimplem
686,plunkett,davidanderson@yahoo.com,319073
687,republic,richardbaker@yahoo.com,030168
688,fifth,joshcampbell@gmail.com,948540
689,portal,jessicascott@outlook.com,977647
690,tried,tomyoung@rogers.ca,636249
691,jeramie,charlesclark@yahoo.com,badenia
692,jacquettajacquette,danielperez@mail.com,34484459409706
693,pickering,lisanguyen@yahoo.com,508504
694,manuscript,tonygonzalez@inbox.com,850490
695,houseclean,markmartin@gmail.com,033362
696,panache,sandramiller@rogers.ca,549900
697,omnipresent,ashleyadams@gmail.com,566341
698,kwan,stevenjohnson@gmail.com,377585
699,heida,kimtaylor@inbox.com,009134
700,hew,paulthomas@inbox.com,geoponic
701,weatherbeaten,emilysanchez@gmail.com,446359
702,ferreira,kensmith@mail.com,879218
703,fang,kevinallen@gmail.com,310734
704,antiknock,melissawhite@outlook.com,472723
705,andress,edwardlewis@rogers.ca,ipecacuanha
706,windermere,timsmith@rogers.ca,100544
707,ostiole,rebeccabaker@rogers.ca,058445
708,barnebas,sharonlee@outlook.com,095015
709,cretic,jeffwilliams@outlook.com,197681
710,donate,garymitchell@rogers.ca,584385408792626
711,crook,amymartin@inbox.com,877049
712,handiness,jameswright@gmail.com,023497
713,valentinvalentina,maryrivera@inbox.com,259061
714,barm,patriciarodriguez@gmail.com,697801
715,expertism,johnjones@gmail.com,960669
716,lea,jennifertorres@outlook.com,339190
717,kalina,michealgarcia@rogers.ca,551021
718,crazed,lindahill@inbox.com,159924
719,reuter,elizabethlee@yahoo.com,641121
720,bricebriceno,davidroberts@yahoo.com,264366
721,afterward,susanthomas@mail.com,682377
722,lai,joshrodriguez@outlook.com,758373
723,romanic,jessicahall@rogers.ca,989613
724,stanfield,tomsmith@gmail.com,filippo
725,pastern,charlesrobinson@yahoo.com,838938
726,iamb,chrisjackson@yahoo.com,582843
727,arrowy,danielgonzalez@inbox.com,949666
728,broughton,mattwright@inbox.com,99379487568480
729,marconigraph,tonyallen@outlook.com,149432
730,perot,markwalker@mail.com,890260
731,tortuous,sandrarodriguez@yahoo.com,915486
732,wooer,ashleyhernandez@outlook.com,drumfire
733,quid,stevenhernandez@gmail.com,817008
734,cotyledon,kimrivera@mail.com,438505
735,elias,paulanderson@inbox.com,inconvenience
736,comprehend,emilybaker@gmail.com,617802
737,gumdrop,andrewmartin@gmail.com,603430
738,herbivorous,kevingarcia@gmail.com,231619
739,moose,amandajackson@rogers.ca,048675
740,pardew,melissaanderson@inbox.com,chase
741,gumbo,stephaniewalker@gmail.com,133083
742,avram,rebeccaking@outlook.com,815057
743,galasyn,jasonwilson@outlook.com,7769680424957428
744,animal,sharonthompson@outlook.com,773471
745,watery,laurarodriguez@inbox.com,spiralled
746,mandel,amyclark@outlook.com,160492
747,rook,jamesramirez@outlook.com,326739
748,stanislas,marysanchez@gmail.com,587460
749,nutt,robertgreen@yahoo.com,518092
750,granthem,patriciathomas@rogers.ca,176157
751,undeniable,johnramirez@yahoo.com,755395
752,pule,lindanguyen@yahoo.com,786011
753,kaela,willallen@rogers.ca,447042
754,tomboy,elizabethking@mail.com,712069
755,sergent,richardwhite@rogers.ca,734806
756,mneme,joshhill@rogers.ca,768429
757,kermie,jessicaflores@yahoo.com,408679
758,aliquant,tomwhite@gmail.com,181577
759,grearson,sarahrobinson@inbox.com,820732
760,marijn,chrisrivera@inbox.com,300788
761,pinchhit,lisaperez@outlook.com,656584
762,swallowtailed,mattallen@gmail.com,038547
763,eutrophic,sandradavis@inbox.com,578908
764,goodill,ashleyjohnson@outlook.com,262584
765,cooley,stevenclark@yahoo.com,685779
766,trotter,paullee@inbox.com,028886
767,celka,michelleanderson@inbox.com,622520
768,hoo,kenthompson@yahoo.com,593285
769,potion,brianmitchell@gmail.com,015421
770,theta,georgemartinez@rogers.ca,328774
771,lubber,melissayoung@yahoo.com,068148
772,enumerate,edwardwright@inbox.com,973539
773,heyday,stephanienelson@gmail.com,197327
774,bax,rebeccawhite@rogers.ca,503049
775,sesquicarbonate,jasonrobinson@mail.com,043070
776,oscar,sharongonzalez@mail.com,481107
777,chickabiddy,jeffjohnson@yahoo.com,mellisen
778,okoka,lauragarcia@yahoo.com,ecyyrt1
779,trinitroglycerin,ryannguyen@rogers.ca,169994
780,singlehearted,garyking@outlook.com,992610
781,harrietharriett,jamesthompson@inbox.com,934125
782,quaternity,marywilson@outlook.com,344605
783,waller,robertdavis@outlook.com,03597640
784,propaganda,patricialee@inbox.com,636091
785,millpond,johnrodriguez@inbox.com,248228
786,lille,willharris@yahoo.com,371836
787,baseball,elizabethjones@mail.com,516163
788,tuberculate,richardgarcia@rogers.ca,663686
789,vitrification,susanking@rogers.ca,726306
790,polygynous,jessicaclark@outlook.com,930757
791,frawley,tomramirez@rogers.ca,humored
792,pleiad,sarahnguyen@outlook.com,sivarasj
793,winfield,charlessmith@mail.com,hypoxanthine
794,magnoliamagnoliaceous,danielwilliams@yahoo.com,892454
795,kussell,lisacampbell@yahoo.com,443518
796,overcasting,mattjackson@rogers.ca,45848223843046
797,limiting,sandragonzalez@outlook.com,509271
798,beaver,ashleyking@yahoo.com,002137
799,giffard,stevenadams@gmail.com,050691
800,lucilucia,kimgarcia@mail.com,680992
801,tallou,emilymartin@inbox.com,233396
802,chico,andrewscott@inbox.com,d1tzd0latzvgjhn
803,grotius,kenbaker@rogers.ca,120963
804,schiffman,georgenelson@inbox.com,880455
805,reddish,melissaallen@outlook.com,117440
806,chevet,edwardrobinson@inbox.com,139708
807,gath,stephaniesmith@outlook.com,313679
808,goran,timgreen@gmail.com,formulaically
809,feil,rebeccawilliams@rogers.ca,341351
810,forefather,lauralopez@yahoo.com,819781
811,mhd,ryanjones@inbox.com,8051143345
812,dander,garywhite@rogers.ca,obsnc1dyy3c
813,elise,nicktorres@outlook.com,233443
814,fiedler,johncampbell@gmail.com,369322
815,benildis,jenniferwright@rogers.ca,096001
816,shifrah,michealwilliams@outlook.com,775856
817,impracticable,lindamiller@gmail.com,040757
818,iconoscope,willlee@inbox.com,650416
819,barleycorn,elizabethhernandez@yahoo.com,253191
820,photography,davidmoore@mail.com,818155
821,perpendicular,richardwright@yahoo.com,156663
822,shillyshally,joshadams@gmail.com,744366
823,olomouc,jessicaallen@mail.com,117913
824,elane,tomwilson@inbox.com,095719
825,resor,sarahlewis@gmail.com,247990
826,piperpiperaceous,charlesanderson@gmail.com,adtppjbi8nkr
827,greenbelt,chrisscott@mail.com,473631
828,impaction,mattwilson@mail.com,932550
829,overwork,markdavis@outlook.com,229803
830,clientage,sandragarcia@mail.com,329045
831,exchange,ashleywilson@inbox.com,357881
832,maidenhair,stevenwalker@yahoo.com,847505
833,ghiselin,emilymoore@inbox.com,144803
834,spermary,andrewramirez@mail.com,auxetic
835,senegambia,kevinwalker@gmail.com,0ljznokug7tevhk
836,parthenia,brianthompson@outlook.com,679014
837,cleary,amandawalker@outlook.com,loop1
838,columbary,georgewilliams@gmail.com,208207
839,ardrey,stephanieflores@outlook.com,150377
840,crusade,timwright@mail.com,877712
841,taluk,jasonbrown@outlook.com,587643
842,superego,sharonharris@rogers.ca,hbyf
843,bibulous,lauraharris@gmail.com,gymnosophist
844,lesialesion,ryansanchez@rogers.ca,decussate
845,hoppe,garyanderson@outlook.com,319335
846,redingote,nickadams@gmail.com,philosophizing
847,stealage,jamesmartin@yahoo.com,088666
848,bibliogony,marybaker@yahoo.com,91393918869930
849,exhibitive,robertrivera@mail.com,707598
850,johnathan,patriciawhite@gmail.com,6629554222930
851,wyly,johnwright@outlook.com,556466
852,spangle,michealramirez@outlook.com,889763
853,coronation,lindayoung@inbox.com,664794
854,protoxylem,willwilson@inbox.com,422287
855,katelynnkaterina,elizabethwilliams@rogers.ca,470054
856,mathilda,davidadams@gmail.com,889583
857,inextensible,joshthomas@inbox.com,bqq
858,kikuyu,jessicahill@outlook.com,417986
859,ante,tomking@mail.com,238868
860,quandary,sarahflores@rogers.ca,743736
861,indiscipline,charleswilliams@rogers.ca,233537
862,greengage,danielmartinez@yahoo.com,395957
863,ulu,lisaramirez@rogers.ca,185384
864,saltarello,tonyrivera@gmail.com,406518
865,inflame,sandrasanchez@mail.com,444412
866,robinrobina,stevengonzalez@yahoo.com,539901
867,burghley,kimanderson@outlook.com,522668
868,sunderland,emilylewis@mail.com,457182
869,follmer,andrewwalker@inbox.com,068877
870,finesse,amandarivera@yahoo.com,217757
871,riana,georgecarter@rogers.ca,451522
872,pained,melissagonzalez@outlook.com,670894
873,cerotype,timnguyen@gmail.com,833635
874,puck,jasonbaker@mail.com,911471
875,ervinervine,jeffscott@mail.com,385306
876,centrum,lauramoore@mail.com,pilewort
877,cool,ryancampbell@rogers.ca,766044
878,diverticulosis,garyjones@gmail.com,912341
879,cage,amyjackson@inbox.com,099207
880,headdress,nicksmith@rogers.ca,738202
881,rush,marymartinez@mail.com,969278
882,boletus,patriciarobinson@outlook.com,597321
883,donar,johnbrown@outlook.com,152036
884,surtout,jenniferyoung@gmail.com,677913
885,sourdough,michealwilson@rogers.ca,947008
886,macguiness,lindawright@outlook.com,637612
887,interwork,willmitchell@outlook.com,canon
888,soundproof,davidnelson@inbox.com,956471
889,massasoit,susannelson@mail.com,355409
890,hagiographer,joshallen@rogers.ca,185948
891,chishima,tomharris@gmail.com,690349
892,verney,sarahdavis@yahoo.com,378986
893,dore,charleshernandez@gmail.com,apolloni
894,put,chrisrodriguez@rogers.ca,118228
895,swung,lisajackson@gmail.com,377422
896,disenable,mattsmith@gmail.com,compurgator
897,metronome,tonybrown@rogers.ca,400204
898,implacable,sandrarobinson@mail.com,Q0nUw3
899,gemmiparous,ashleywright@mail.com,295539
900,blood,steventaylor@gmail.com,960605
901,simas,kimjackson@rogers.ca,855798
902,sequestrate,emilyjones@rogers.ca,970644
903,visually,kenanderson@outlook.com,002370
904,reames,brianroberts@gmail.com,692870
905,gavrah,amandaperez@rogers.ca,207616
906,discalced,georgeallen@outlook.com,127564
907,camshaft,melissamartin@outlook.com,504480
908,bushtit,edwardmartin@inbox.com,9kmeoyogcy
909,nearsighted,rebeccajohnson@inbox.com,571073
910,pleuropneumonia,sharonhill@rogers.ca,schoolbo
911,girandole,jeffrivera@rogers.ca,418909
912,dill,ryanlewis@rogers.ca,eltkl3dr
913,therein,garywilliams@gmail.com,775473
914,postmillennialism,amyflores@inbox.com,210385
915,bob,nickjackson@mail.com,han
916,deedee,jamesflores@gmail.com,656275
917,palimpsest,maryjones@gmail.com,pwpkaviegs3li0
918,bavaria,robertbrown@inbox.com,544342
919,anvers,jennifernelson@gmail.com,040585
920,antares,lindalopez@outlook.com,920916
921,pronounced,willjones@yahoo.com,395461
922,interesting,susanjohnson@inbox.com,509306
923,nephoscope,joshyoung@yahoo.com,miscarriage
924,intone,sarahharris@rogers.ca,546163
925,osmunda,charlesnguyen@yahoo.com,256140
926,helminthic,chrisroberts@outlook.com,672758
927,pollen,lisahernandez@mail.com,312472
928,ease,tonyjones@yahoo.com,165993
929,parthenopaeus,sandramoore@mail.com,506231
930,sonstrom,ashleyrivera@yahoo.com,polymerism
931,samos,stevennguyen@inbox.com,665562630
932,diaphaneity,kimyoung@yahoo.com,260898
933,detonate,paulwilson@outlook.com,prominen
934,boogie,andrewlewis@gmail.com,770154
935,mudguard,kevinclark@yahoo.com,616761
936,hardigg,brianjones@inbox.com,607703
937,bronk,stephaniedavis@rogers.ca,133556
938,sliver,timyoung@outlook.com,783461
939,algetic,rebeccabrown@outlook.com,zties
940,overstudy,jasonanderson@yahoo.com,351624
941,stiles,sharonwilliams@gmail.com,suggesti
942,backlash,jeffnguyen@rogers.ca,831596
943,marchellemarcher,ryangonzalez@mail.com,607711
944,manteltree,amyking@outlook.com,rtg8rklx
945,arciform,jamesjohnson@mail.com,497268
946,uncharted,patriciacarter@inbox.com,002831
947,muffler,lindascott@outlook.com,yyp
948,faceless,davidallen@gmail.com,084790
949,similarity,richardsmith@yahoo.com,449338
950,sequence,susanroberts@outlook.com,260814
951,olimpia,joshwilson@inbox.com,451266
952,unassailable,jessicahernandez@gmail.com,953260
953,qnp,tomjohnson@outlook.com,662374
954,afford,sarahbrown@yahoo.com,005497
955,atonality,charlesmartinez@inbox.com,747373
956,dingbat,chrismartin@inbox.com,689027
957,desirable,danielhernandez@gmail.com,210557
958,sporocarp,mattmitchell@rogers.ca,621494
959,iodide,markmitchell@outlook.com,083556
960,fiorenza,sandrahall@gmail.com,993002
961,debit,paulwhite@inbox.com,114651077289610
962,pastor,michellemitchell@mail.com,lambast
963,socle,kenhernandez@mail.com,giddap
964,tallman,kevinjones@rogers.ca,796933
965,gumwood,georgejackson@mail.com,956225
966,radiocarbon,melissaroberts@inbox.com,turfy
967,ibbie,jasonscott@gmail.com,419262
968,anemone,sharonjackson@inbox.com,230182
969,mackenzie,jeffgarcia@rogers.ca,908562
970,delicatessen,lauracampbell@inbox.com,uolt6an6i10nv
971,forehand,garytorres@mail.com,655101
972,carine,amysanchez@outlook.com,594881
973,psf,marymartin@rogers.ca,io
974,maxon,patriciataylor@yahoo.com,384476
975,yulandayule,johnmartin@gmail.com,095470
976,agiotage,michealnelson@mail.com,399669
977,apostolate,lindaadams@inbox.com,455283321
978,hamann,elizabethallen@inbox.com,367046
979,kinshasa,joshroberts@gmail.com,052060
980,miyamoto,tomhall@outlook.com,882754
981,metalwork,sarahhall@inbox.com,autocratic
982,leto,chrissmith@outlook.com,909242
983,broadfaced,danieltaylor@rogers.ca,689793796748
984,mccrae,lisagonzalez@mail.com,842331
985,deguzman,mattgarcia@inbox.com,772236
986,prog,marksanchez@outlook.com,894810
987,kobylak,ashleyramirez@gmail.com,814869
988,guthrey,kimlopez@rogers.ca,nxv
989,enchorial,andrewlopez@mail.com,943220719616531
990,hibbs,michellerivera@yahoo.com,005848
991,vetchling,kenadams@mail.com,862456
992,rags,kevintorres@outlook.com,687801
993,thorite,brianhernandez@gmail.com,420466
994,arrearage,georgegarcia@outlook.com,184840
995,slype,timmoore@yahoo.com,624098
996,bombproof,rebeccahall@rogers.ca,892078
997,tune,sharonrodriguez@rogers.ca,4605923145
998,amaryllidaceous,jeffthomas@yahoo.com,650709
999,dunn,garylopez@rogers.ca,212807
1000,jocosity,maryperez@mail.com,338279
